{"cameraMode":{"drawMode":0,"name":"Shaded","section":"Shading Mode"},"sceneLighting":true,"audioPlay":false,"sceneViewState":{"showFog":true,"showMaterialUpdate":false,"showSkybox":true,"showFlares":true,"showImageEffects":true,"showParticleSystems":true},"in2DMode":false,"pivot":{"x":5.556938171386719,"y":-2.45357608795166,"z":2.4557623863220217},"rotation":{"x":0.11198710650205612,"y":0.7492531538009644,"z":-0.13125106692314149,"w":0.6394386291503906},"size":10.0,"orthographic":false}