{"cameraMode":{"drawMode":0,"name":"Shaded","section":"Shading Mode"},"sceneLighting":true,"audioPlay":false,"sceneViewState":{"showFog":true,"showMaterialUpdate":false,"showSkybox":true,"showFlares":true,"showImageEffects":true,"showParticleSystems":true},"in2DMode":false,"pivot":{"x":6.325068473815918,"y":2.0414376258850099,"z":-9.738158226013184},"rotation":{"x":0.035078760236501697,"y":-0.33242470026016238,"z":0.011475060135126114,"w":0.9425950646400452},"size":0.3433905243873596,"orthographic":false}