{"cameraMode":{"drawMode":0,"name":"Shaded","section":"Shading Mode"},"sceneLighting":true,"audioPlay":false,"sceneViewState":{"showFog":true,"showMaterialUpdate":false,"showSkybox":true,"showFlares":true,"showImageEffects":true,"showParticleSystems":true},"in2DMode":false,"pivot":{"x":3.826289415359497,"y":-0.21350757777690888,"z":-4.989480018615723},"rotation":{"x":-0.1534755825996399,"y":-0.7225233912467957,"z":0.16531656682491303,"w":-0.6542619466781616},"size":5.655755043029785,"orthographic":false}